{"cameraMode":{"drawMode":0,"name":"Shaded","section":"Shading Mode"},"sceneLighting":true,"audioPlay":false,"sceneViewState":{"m_AlwaysRefresh":false,"showFog":true,"showSkybox":true,"showFlares":true,"showImageEffects":true,"showParticleSystems":true,"showVisualEffectGraphs":true,"m_FxEnabled":true},"in2DMode":false,"pivot":{"x":0.053640663623809817,"y":1.0557196140289307,"z":0.45121636986732485},"rotation":{"x":-0.039263442158699039,"y":0.9553873538970947,"z":-0.14879322052001954,"w":-0.25210854411125185},"size":3.14058518409729,"orthographic":true}