{"cameraMode":{"drawMode":0,"name":"Shaded","section":"Shading Mode"},"sceneLighting":true,"audioPlay":false,"sceneViewState":{"m_AlwaysRefresh":false,"showFog":true,"showSkybox":true,"showFlares":true,"showImageEffects":true,"showParticleSystems":true,"showVisualEffectGraphs":true,"m_FxEnabled":true},"in2DMode":false,"pivot":{"x":424.6942443847656,"y":487.34332275390627,"z":3.330993175506592},"rotation":{"x":0.0019416995346546174,"y":0.9964345097541809,"z":-0.08088808506727219,"w":0.023919127881526948},"size":1.6228063106536866,"orthographic":true}